Season,Team Name,March Madness,Sweet Sixteen,Elite Eight,Final Four,Championship,Champions,Color,Location,,,
2023,Alabama,TRUE,TRUE,FALSE,FALSE,FALSE,FALSE,red,South,,,
2023,Arizona,TRUE,FALSE,FALSE,FALSE,FALSE,FALSE,blue,West,,,
2023,Baylor,TRUE,FALSE,FALSE,FALSE,FALSE,FALSE,green,South,,,
2023,Virginia,TRUE,FALSE,FALSE,FALSE,FALSE,FALSE,orange,South,,,
2023,San Diego State,TRUE,TRUE,TRUE,TRUE,TRUE,FALSE,red,West,,,
2023,Creighton,TRUE,TRUE,TRUE,FALSE,FALSE,FALSE,blue,West,,,
2023,Missouri,TRUE,FALSE,FALSE,FALSE,FALSE,FALSE,yellow,South,,,
2023,Maryland,TRUE,FALSE,FALSE,FALSE,FALSE,FALSE,red,East,,,
2023,West Virginia,TRUE,FALSE,FALSE,FALSE,FALSE,FALSE,blue,East,,,
2023,Utah State,TRUE,FALSE,FALSE,FALSE,FALSE,FALSE,blue,South,,,
2023,North Carolina State,TRUE,FALSE,FALSE,FALSE,FALSE,FALSE,blue,South,,,
2023,Charleston,TRUE,FALSE,FALSE,FALSE,FALSE,FALSE,red,South,,,
2023,Furman,TRUE,FALSE,FALSE,FALSE,FALSE,FALSE,purple,East,,,
2023,UC Santa Barbara,TRUE,FALSE,FALSE,FALSE,FALSE,FALSE,blue,West,,,
2023,Princeton,TRUE,TRUE,FALSE,FALSE,FALSE,FALSE,orange,East,,,
2023,Texas A&M–Corpus Christi,TRUE,FALSE,FALSE,FALSE,FALSE,FALSE,blue,South,,,
2023,Southeast Missouri State,TRUE,FALSE,FALSE,FALSE,FALSE,FALSE,red,South,,,
2023,Purdue,TRUE,FALSE,FALSE,FALSE,FALSE,FALSE,yellow,Midwest,,,
2023,Marquette,TRUE,FALSE,FALSE,FALSE,FALSE,FALSE,blue,Midwest,,,
2023,Kansas State,TRUE,FALSE,FALSE,FALSE,FALSE,FALSE,purple,Midwest,,,
2023,Tennessee,TRUE,TRUE,FALSE,FALSE,FALSE,FALSE,orange,South,,,
2023,Duke,TRUE,FALSE,FALSE,FALSE,FALSE,FALSE,blue,East,,,
2023,Kentucky,TRUE,FALSE,FALSE,FALSE,FALSE,FALSE,blue,South,,,
2023,Michigan State,TRUE,TRUE,FALSE,FALSE,FALSE,FALSE,green,Midwest,,,
2023,Memphis,TRUE,FALSE,FALSE,FALSE,FALSE,FALSE,blue,South,,,
2023,Florida Atlantic,TRUE,TRUE,TRUE,TRUE,FALSE,FALSE,blue,South,,,
2023,USC,TRUE,FALSE,FALSE,FALSE,FALSE,FALSE,red,West,,,
2023,Providence,TRUE,FALSE,FALSE,FALSE,FALSE,FALSE,silver,East,,,
2023,Oral Roberts,TRUE,FALSE,FALSE,FALSE,FALSE,FALSE,blue,South,,,
2023,Louisiana,TRUE,FALSE,FALSE,FALSE,FALSE,FALSE,red,South,,,
2023,Montana State,TRUE,FALSE,FALSE,FALSE,FALSE,FALSE,blue,West,,,
2023,Vermont,TRUE,FALSE,FALSE,FALSE,FALSE,FALSE,green,East,,,
2023,Texas Southern,TRUE,FALSE,FALSE,FALSE,FALSE,FALSE,red,South,,,
2023,Fairleigh Dickinson,TRUE,FALSE,FALSE,FALSE,FALSE,FALSE,blue,East,,,
2023,Houston,TRUE,TRUE,FALSE,FALSE,FALSE,FALSE,red,South,,,
2023,Texas,TRUE,TRUE,TRUE,FALSE,FALSE,FALSE,orange,South,,,
2023,Xavier,TRUE,TRUE,FALSE,FALSE,FALSE,FALSE,blue,Midwest,,,
2023,Indiana,TRUE,FALSE,FALSE,FALSE,FALSE,FALSE,red,Midwest,,,
2023,Miami ,TRUE,TRUE,TRUE,TRUE,FALSE,FALSE,green,South,,,
2023,Iowa State,TRUE,FALSE,FALSE,FALSE,FALSE,FALSE,red,Midwest,,,
2023,Texas A&M,TRUE,FALSE,FALSE,FALSE,FALSE,FALSE,red,South,,,
2023,Iowa,TRUE,FALSE,FALSE,FALSE,FALSE,FALSE,yellow,Midwest,,,
2023,Auburn,TRUE,FALSE,FALSE,FALSE,FALSE,FALSE,blue,South,,,
2023,Penn State,TRUE,FALSE,FALSE,FALSE,FALSE,FALSE,green,East,,,
2023,Mississippi State,TRUE,FALSE,FALSE,FALSE,FALSE,FALSE,red,South,,,
2023,Pittsburgh,TRUE,FALSE,FALSE,FALSE,FALSE,FALSE,yellow,East,,,
2023,Drake,TRUE,FALSE,FALSE,FALSE,FALSE,FALSE,blue,East,,,
2023,Kent State,TRUE,FALSE,FALSE,FALSE,FALSE,FALSE,yellow,Midwest,,,
2023,Kennesaw State,TRUE,FALSE,FALSE,FALSE,FALSE,FALSE,black,South,,,
2023,Colgate,TRUE,FALSE,FALSE,FALSE,FALSE,FALSE,red,East,,,
2023,Northern Kentucky,TRUE,FALSE,FALSE,FALSE,FALSE,FALSE,yellow,South,,,
2023,Kansas,TRUE,TRUE,TRUE,FALSE,FALSE,FALSE,blue,South,,,
2023,UCLA,TRUE,TRUE,FALSE,FALSE,FALSE,FALSE,blue,West,,,
2023,Gonzaga,TRUE,TRUE,TRUE,FALSE,FALSE,FALSE,blue,West,,,
2023,UConn,TRUE,TRUE,TRUE,TRUE,TRUE,TRUE,blue,East,,,
2023,Saint Mary's,TRUE,FALSE,FALSE,FALSE,FALSE,FALSE,red,West,,,
2023,TCU,TRUE,FALSE,FALSE,FALSE,FALSE,FALSE,purple,South,,,
2023,Northwestern,TRUE,FALSE,FALSE,FALSE,FALSE,FALSE,purple,Midwest,,,
2023,Arkansas,TRUE,TRUE,FALSE,FALSE,FALSE,FALSE,red,South,,,
2023,Illinois,TRUE,FALSE,FALSE,FALSE,FALSE,FALSE,orange,Midwest,,,
2023,Boise State,TRUE,FALSE,FALSE,FALSE,FALSE,FALSE,blue,West,,,
2023,Arizona State,TRUE,FALSE,FALSE,FALSE,FALSE,FALSE,blue,West,,,
2023,Nevada,TRUE,FALSE,FALSE,FALSE,FALSE,FALSE,blue,West,,,
2023,VCU,TRUE,FALSE,FALSE,FALSE,FALSE,FALSE,yellow,East,,,
2023,Iona,TRUE,FALSE,FALSE,FALSE,FALSE,FALSE,red,East,,,
2023,Grand Canyon,TRUE,FALSE,FALSE,FALSE,FALSE,FALSE,purple,West,,,
2023,UNC Asheville,TRUE,FALSE,FALSE,FALSE,FALSE,FALSE,blue,East,,,
2023,Howard,TRUE,FALSE,FALSE,FALSE,FALSE,FALSE,blue,West,,,
2022,Gonzaga,TRUE,TRUE,FALSE,FALSE,FALSE,FALSE,blue,West,,,
2022,Duke,TRUE,TRUE,TRUE,TRUE,FALSE,FALSE,blue,East,,,
2022,Texas Tech,TRUE,TRUE,FALSE,FALSE,FALSE,FALSE,red,South,,,
2022,Arkansas,TRUE,TRUE,TRUE,FALSE,FALSE,FALSE,red,South,,,
2022,UConn,TRUE,FALSE,FALSE,FALSE,FALSE,FALSE,blue,East,,,
2022,Alabama,TRUE,FALSE,FALSE,FALSE,FALSE,FALSE,red,South,,,
2022,Michigan State,TRUE,FALSE,FALSE,FALSE,FALSE,FALSE,green,Midwest,,,
2022,Boise State,TRUE,FALSE,FALSE,FALSE,FALSE,FALSE,blue,West,,,
2022,Memphis,TRUE,FALSE,FALSE,FALSE,FALSE,FALSE,blue,South,,,
2022,Davidson,TRUE,FALSE,FALSE,FALSE,FALSE,FALSE,red,South,,,
2022,Rutgers,TRUE,FALSE,FALSE,FALSE,FALSE,FALSE,red,East,,,
2022,Notre Dame,TRUE,FALSE,FALSE,FALSE,FALSE,FALSE,blue,Midwest,,,
2022,New Mexico State,TRUE,FALSE,FALSE,FALSE,FALSE,FALSE,red,West,,,
2022,Vermont,TRUE,FALSE,FALSE,FALSE,FALSE,FALSE,green,East,,,
2022,Montana State,TRUE,FALSE,FALSE,FALSE,FALSE,FALSE,blue,West,,,
2022,Cal State Fullerton,TRUE,FALSE,FALSE,FALSE,FALSE,FALSE,orange,West,,,
2022,Georgia State,TRUE,FALSE,FALSE,FALSE,FALSE,FALSE,blue,South,,,
2022,Baylor,TRUE,FALSE,FALSE,FALSE,FALSE,FALSE,green,South,,,
2022,Kentucky,TRUE,FALSE,FALSE,FALSE,FALSE,FALSE,blue,South,,,
2022,Purdue,TRUE,TRUE,FALSE,FALSE,FALSE,FALSE,yellow,Midwest,,,
2022,UCLA,TRUE,TRUE,FALSE,FALSE,FALSE,FALSE,blue,South,,,
2022,Saint Mary's,TRUE,FALSE,FALSE,FALSE,FALSE,FALSE,red,South,,,
2022,Texas,TRUE,FALSE,FALSE,FALSE,FALSE,FALSE,orange,South,,,
2022,Murray State,TRUE,FALSE,FALSE,FALSE,FALSE,FALSE,blue,South,,,
2022,North Carolina,TRUE,TRUE,TRUE,TRUE,TRUE,FALSE,blue,South,,,
2022,Marquette,TRUE,FALSE,FALSE,FALSE,FALSE,FALSE,blue,Midwest,,,
2022,San Francisco,TRUE,FALSE,FALSE,FALSE,FALSE,FALSE,green,West,,,
2022,Virginia Tech,TRUE,FALSE,FALSE,FALSE,FALSE,FALSE,orange,East,,,
2022,Wyoming,TRUE,FALSE,FALSE,FALSE,FALSE,FALSE,brown,West,,,
2022,Indiana,TRUE,FALSE,FALSE,FALSE,FALSE,FALSE,red,Midwest,,,
2022,Akron,TRUE,FALSE,FALSE,FALSE,FALSE,FALSE,blue,Midwest,,,
2022,Yale,TRUE,FALSE,FALSE,FALSE,FALSE,FALSE,blue,East,,,
2022,Saint Peter's,TRUE,TRUE,TRUE,FALSE,FALSE,FALSE,blue,South,,,
2022,Norfolk State,TRUE,FALSE,FALSE,FALSE,FALSE,FALSE,green,South,,,
2022,Arizona,TRUE,TRUE,FALSE,FALSE,FALSE,FALSE,blue,West,,,
2022,Villanova,TRUE,TRUE,TRUE,TRUE,FALSE,FALSE,blue,East,,,
2022,Tennessee,TRUE,FALSE,FALSE,FALSE,FALSE,FALSE,orange,South,,,
2022,Illinois,TRUE,FALSE,FALSE,FALSE,FALSE,FALSE,orange,Midwest,,,
2022,Houston,TRUE,TRUE,TRUE,FALSE,FALSE,FALSE,red,South,,,
2022,Colorado State,TRUE,FALSE,FALSE,FALSE,FALSE,FALSE,green,West,,,
2022,Ohio State,TRUE,FALSE,FALSE,FALSE,FALSE,FALSE,red,Midwest,,,
2022,Seton Hall,TRUE,FALSE,FALSE,FALSE,FALSE,FALSE,blue,East,,,
2022,TCU,TRUE,FALSE,FALSE,FALSE,FALSE,FALSE,purple,South,,,
2022,Loyola Chicago,TRUE,FALSE,FALSE,FALSE,FALSE,FALSE,red,Midwest,,,
2022,Michigan,TRUE,TRUE,FALSE,FALSE,FALSE,FALSE,blue,Midwest,,,
2022,UAB,TRUE,FALSE,FALSE,FALSE,FALSE,FALSE,green,South,,,
2022,Chattanooga,TRUE,FALSE,FALSE,FALSE,FALSE,FALSE,yellow,South,,,
2022,Longwood,TRUE,FALSE,FALSE,FALSE,FALSE,FALSE,blue,South,,,
2022,Delaware,TRUE,FALSE,FALSE,FALSE,FALSE,FALSE,blue,East,,,
2022,Wright State,TRUE,FALSE,FALSE,FALSE,FALSE,FALSE,green,Midwest,,,
2022,Bryant,TRUE,FALSE,FALSE,FALSE,FALSE,FALSE,black,East,,,
2022,Kansas,TRUE,TRUE,TRUE,TRUE,TRUE,TRUE,blue,Midwest,,,
2022,Auburn,TRUE,FALSE,FALSE,FALSE,FALSE,FALSE,blue,South,,,
2022,Wisconsin,TRUE,FALSE,FALSE,FALSE,FALSE,FALSE,red,Midwest,,,
2022,Providence,TRUE,TRUE,FALSE,FALSE,FALSE,FALSE,silver,East,,,
2022,Iowa,TRUE,FALSE,FALSE,FALSE,FALSE,FALSE,yellow,Midwest,,,
2022,LSU,TRUE,FALSE,FALSE,FALSE,FALSE,FALSE,purple,West,,,
2022,USC,TRUE,FALSE,FALSE,FALSE,FALSE,FALSE,red,West,,,
2022,San Diego State,TRUE,FALSE,FALSE,FALSE,FALSE,FALSE,blue,West,,,
2022,Creighton,TRUE,TRUE,FALSE,FALSE,FALSE,FALSE,blue,West,,,
2022,Miami ,TRUE,TRUE,TRUE,FALSE,FALSE,FALSE,green,South,,,
2022,Iowa State,TRUE,TRUE,FALSE,FALSE,FALSE,FALSE,red,Midwest,,,
2022,Richmond,TRUE,FALSE,FALSE,FALSE,FALSE,FALSE,blue,South,,,
2022,South Dakota State,TRUE,FALSE,FALSE,FALSE,FALSE,FALSE,blue,West,,,
2022,Colgate,TRUE,FALSE,FALSE,FALSE,FALSE,FALSE,red,East,,,
2022,Jacksonville State,TRUE,FALSE,FALSE,FALSE,FALSE,FALSE,black,South,,,
2022,Texas Southern,TRUE,FALSE,FALSE,FALSE,FALSE,FALSE,red,South,,,
2022,Texas A&M–Corpus Christi,TRUE,FALSE,FALSE,FALSE,FALSE,FALSE,blue,South,,,
2021,Gonzaga,TRUE,TRUE,TRUE,TRUE,TRUE,FALSE,blue,West,,,
2021,Iowa,TRUE,FALSE,FALSE,FALSE,FALSE,FALSE,yellow,Midwest,,,
2021,Kansas,TRUE,FALSE,FALSE,FALSE,FALSE,FALSE,blue,Midwest,,,
2021,Virginia,TRUE,FALSE,FALSE,FALSE,FALSE,FALSE,orange,South,,,
2021,Creighton,TRUE,FALSE,FALSE,FALSE,FALSE,FALSE,blue,West,,,
2021,USC,TRUE,TRUE,TRUE,FALSE,FALSE,FALSE,red,West,,,
2021,Oregon,TRUE,TRUE,FALSE,FALSE,FALSE,FALSE,green,West,,,
2021,Oklahoma,TRUE,FALSE,FALSE,FALSE,FALSE,FALSE,red,South,,,
2021,Missouri,TRUE,FALSE,FALSE,FALSE,FALSE,FALSE,yellow,South,,,
2021,VCU,TRUE,FALSE,FALSE,FALSE,FALSE,FALSE,yellow,South,,,
2021,Wichita State,TRUE,FALSE,FALSE,FALSE,FALSE,FALSE,yellow,Midwest,,,
2021,Drake,TRUE,FALSE,FALSE,FALSE,FALSE,FALSE,blue,Midwest,,,
2021,UC Santa Barbara,TRUE,FALSE,FALSE,FALSE,FALSE,FALSE,blue,West,,,
2021,Ohio,TRUE,FALSE,FALSE,FALSE,FALSE,FALSE,green,Midwest,,,
2021,Eastern Washington,TRUE,FALSE,FALSE,FALSE,FALSE,FALSE,red,West,,,
2021,Grand Canyon,TRUE,FALSE,FALSE,FALSE,FALSE,FALSE,purple,West,,,
2021,Norfolk State,TRUE,FALSE,FALSE,FALSE,FALSE,FALSE,green,South,,,
2021,Appalachian State,TRUE,FALSE,FALSE,FALSE,FALSE,FALSE,black,West,,,
2021,Michigan,TRUE,TRUE,TRUE,FALSE,FALSE,FALSE,blue,Midwest,,,
2021,Alabama,TRUE,TRUE,FALSE,FALSE,FALSE,FALSE,red,South,,,
2021,Texas,TRUE,FALSE,FALSE,FALSE,FALSE,FALSE,orange,South,,,
2021,Florida State,TRUE,TRUE,FALSE,FALSE,FALSE,FALSE,red,South,,,
2021,Colorado,TRUE,FALSE,FALSE,FALSE,FALSE,FALSE,yellow,West,,,
2021,BYU,TRUE,FALSE,FALSE,FALSE,FALSE,FALSE,blue,West,,,
2021,UConn,TRUE,FALSE,FALSE,FALSE,FALSE,FALSE,blue,East,,,
2021,LSU,TRUE,FALSE,FALSE,FALSE,FALSE,FALSE,purple,West,,,
2021,St. Bonaventure,TRUE,FALSE,FALSE,FALSE,FALSE,FALSE,brown,East,,,
2021,Maryland,TRUE,FALSE,FALSE,FALSE,FALSE,FALSE,red,East,,,
2021,Michigan State,TRUE,FALSE,FALSE,FALSE,FALSE,FALSE,green,Midwest,,,
2021,UCLA,TRUE,TRUE,TRUE,TRUE,FALSE,FALSE,blue,South,,,
2021,Georgetown,TRUE,FALSE,FALSE,FALSE,FALSE,FALSE,blue,South,,,
2021,UNC Greensboro,TRUE,FALSE,FALSE,FALSE,FALSE,FALSE,blue,South,,,
2021,Abilene Christian,TRUE,FALSE,FALSE,FALSE,FALSE,FALSE,purple,South,,,
2021,Iona,TRUE,FALSE,FALSE,FALSE,FALSE,FALSE,red,East,,,
2021,Mount St. Mary's,TRUE,FALSE,FALSE,FALSE,FALSE,FALSE,blue,East,,,
2021,Texas Southern,TRUE,FALSE,FALSE,FALSE,FALSE,FALSE,red,South,,,
2021,Baylor,TRUE,TRUE,TRUE,TRUE,TRUE,TRUE,green,South,,,
2021,Ohio State,TRUE,FALSE,FALSE,FALSE,FALSE,FALSE,red,Midwest,,,
2021,Arkansas,TRUE,TRUE,TRUE,FALSE,FALSE,FALSE,red,South,,,
2021,Purdue,TRUE,FALSE,FALSE,FALSE,FALSE,FALSE,yellow,Midwest,,,
2021,Villanova,TRUE,FALSE,FALSE,TRUE,FALSE,FALSE,blue,East,,,
2021,Texas Tech,TRUE,FALSE,FALSE,FALSE,FALSE,FALSE,red,South,,,
2021,Florida,TRUE,FALSE,FALSE,FALSE,FALSE,FALSE,blue,South,,,
2021,North Carolina,TRUE,FALSE,FALSE,FALSE,FALSE,FALSE,blue,South,,,
2021,Wisconsin,TRUE,FALSE,FALSE,FALSE,FALSE,FALSE,red,Midwest,,,
2021,Virginia Tech,TRUE,FALSE,FALSE,FALSE,FALSE,FALSE,orange,South,,,
2021,Utah State,TRUE,FALSE,FALSE,FALSE,FALSE,FALSE,blue,West,,,
2021,Winthrop,TRUE,FALSE,FALSE,FALSE,FALSE,FALSE,blue,West,,,
2021,North Texas,TRUE,FALSE,FALSE,FALSE,FALSE,FALSE,black,South,,,
2021,Colgate,TRUE,FALSE,FALSE,FALSE,FALSE,FALSE,red,East,,,
2021,Oral Roberts,TRUE,TRUE,FALSE,FALSE,FALSE,FALSE,blue,South,,,
2021,Hartford,TRUE,FALSE,FALSE,FALSE,FALSE,FALSE,red,South,,,
2021,Illinois,TRUE,FALSE,FALSE,FALSE,FALSE,FALSE,orange,Midwest,,,
2021,Houston,TRUE,TRUE,TRUE,TRUE,FALSE,FALSE,red,South,,,
2021,West Virginia,TRUE,FALSE,FALSE,FALSE,FALSE,FALSE,blue,South,,,
2021,Oklahoma State,TRUE,FALSE,FALSE,FALSE,FALSE,FALSE,orange,South,,,
2021,Tennessee,TRUE,FALSE,FALSE,FALSE,FALSE,FALSE,orange,South,,,
2021,San Diego State,TRUE,FALSE,FALSE,FALSE,FALSE,FALSE,blue,West,,,
2021,Clemson,TRUE,FALSE,FALSE,FALSE,FALSE,FALSE,orange,South,,,
2021,Loyola Chicago,TRUE,TRUE,FALSE,FALSE,FALSE,FALSE,red,Midwest,,,
2021,Georgia Tech,TRUE,FALSE,FALSE,FALSE,FALSE,FALSE,yellow,South,,,
2021,Rutgers,TRUE,FALSE,FALSE,FALSE,FALSE,FALSE,red,East,,,
2021,Syracuse,TRUE,TRUE,FALSE,FALSE,FALSE,FALSE,orange,East,,,
2021,Oregon State,TRUE,TRUE,TRUE,FALSE,FALSE,FALSE,orange,West,,,
2021,Liberty,TRUE,FALSE,FALSE,FALSE,FALSE,FALSE,red,South,,,
2021,Morehead State,TRUE,FALSE,FALSE,FALSE,FALSE,FALSE,blue,South,,,
2021,Cleveland State,TRUE,FALSE,FALSE,FALSE,FALSE,FALSE,green,Midwest,,,
2021,Drexel,TRUE,FALSE,FALSE,FALSE,FALSE,FALSE,yellow,East,,,
2019,Duke,TRUE,TRUE,TRUE,FALSE,FALSE,FALSE,blue,East,,,
2019,Michigan State,TRUE,TRUE,TRUE,TRUE,FALSE,FALSE,green,Midwest,,,
2019,LSU,TRUE,TRUE,FALSE,FALSE,FALSE,FALSE,purple,West,,,
2019,Virginia Tech,TRUE,TRUE,FALSE,FALSE,FALSE,FALSE,orange,South,,,
2019,Mississippi State,TRUE,FALSE,FALSE,FALSE,FALSE,FALSE,red,South,,,
2019,Maryland,TRUE,FALSE,FALSE,FALSE,FALSE,FALSE,red,East,,,
2019,Louisville,TRUE,FALSE,FALSE,FALSE,FALSE,FALSE,red,South,,,
2019,VCU,TRUE,FALSE,FALSE,FALSE,FALSE,FALSE,yellow,South,,,
2019,UCF,TRUE,FALSE,FALSE,FALSE,FALSE,FALSE,black,South,,,
2019,Minnesota,TRUE,FALSE,FALSE,FALSE,FALSE,FALSE,red,Midwest,,,
2019,Temple,TRUE,FALSE,FALSE,FALSE,FALSE,FALSE,red,East,,,
2019,Belmont,TRUE,FALSE,FALSE,FALSE,FALSE,FALSE,blue,South,,,
2019,Liberty,TRUE,FALSE,FALSE,FALSE,FALSE,FALSE,red,South,,,
2019,Saint Louis,TRUE,FALSE,FALSE,FALSE,FALSE,FALSE,blue,South,,,
2019,Yale,TRUE,FALSE,FALSE,FALSE,FALSE,FALSE,blue,East,,,
2019,Bradley,TRUE,FALSE,FALSE,FALSE,FALSE,FALSE,red,Midwest,,,
2019,North Carolina Central,TRUE,FALSE,FALSE,FALSE,FALSE,FALSE,blue,South,,,
2019,North Dakota State,TRUE,FALSE,FALSE,FALSE,FALSE,FALSE,yellow,South,,,
2019,Gonzaga,TRUE,TRUE,TRUE,FALSE,FALSE,FALSE,blue,West,,,
2019,Michigan,TRUE,TRUE,FALSE,FALSE,FALSE,FALSE,blue,Midwest,,,
2019,Texas Tech,TRUE,TRUE,TRUE,FALSE,FALSE,FALSE,red,South,,,
2019,Florida State,TRUE,TRUE,FALSE,FALSE,FALSE,FALSE,red,South,,,
2019,Marquette,TRUE,FALSE,FALSE,FALSE,FALSE,FALSE,blue,Midwest,,,
2019,Buffalo,TRUE,FALSE,FALSE,FALSE,FALSE,FALSE,blue,East,,,
2019,Nevada,TRUE,FALSE,FALSE,FALSE,FALSE,FALSE,blue,West,,,
2019,Syracuse,TRUE,FALSE,FALSE,FALSE,FALSE,FALSE,orange,East,,,
2019,Baylor,TRUE,FALSE,FALSE,FALSE,FALSE,FALSE,green,South,,,
2019,Florida,TRUE,FALSE,FALSE,FALSE,FALSE,FALSE,blue,South,,,
2019,Arizona State,TRUE,FALSE,FALSE,FALSE,FALSE,FALSE,red,West,,,
2019,St. John's,TRUE,FALSE,FALSE,FALSE,FALSE,FALSE,red,South,,,
2019,Murray State,TRUE,FALSE,FALSE,FALSE,FALSE,FALSE,blue,South,,,
2019,Vermont,TRUE,FALSE,FALSE,FALSE,FALSE,FALSE,green,East,,,
2019,Northern Kentucky,TRUE,FALSE,FALSE,FALSE,FALSE,FALSE,yellow,South,,,
2019,Montana,TRUE,FALSE,FALSE,FALSE,FALSE,FALSE,blue,West,,,
2019,Fairleigh Dickinson,TRUE,FALSE,FALSE,FALSE,FALSE,FALSE,blue,East,,,
2019,Prairie View A&M,TRUE,FALSE,FALSE,FALSE,FALSE,FALSE,purple,South,,,
2019,Virginia,TRUE,TRUE,TRUE,TRUE,TRUE,TRUE,orange,South,,,
2019,Tennessee,TRUE,TRUE,FALSE,FALSE,FALSE,FALSE,orange,South,,,
2019,Purdue,TRUE,TRUE,TRUE,FALSE,FALSE,FALSE,yellow,Midwest,,,
2019,Kansas State,TRUE,FALSE,FALSE,FALSE,FALSE,FALSE,purple,Midwest,,,
2019,Wisconsin,TRUE,FALSE,FALSE,FALSE,FALSE,FALSE,red,Midwest,,,
2019,Villanova,TRUE,FALSE,FALSE,FALSE,FALSE,FALSE,blue,East,,,
2019,Cincinnati,TRUE,FALSE,FALSE,FALSE,FALSE,FALSE,red,Midwest,,,
2019,Ole Miss,TRUE,FALSE,FALSE,FALSE,FALSE,FALSE,red,South,,,
2019,Oklahoma,TRUE,FALSE,FALSE,FALSE,FALSE,FALSE,red,South,,,
2019,Iowa,TRUE,FALSE,FALSE,FALSE,FALSE,FALSE,yellow,Midwest,,,
2019,Saint Mary's,TRUE,FALSE,FALSE,FALSE,FALSE,FALSE,red,South,,,
2019,Oregon,TRUE,TRUE,FALSE,FALSE,FALSE,FALSE,green,West,,,
2019,UC Irvine,TRUE,FALSE,FALSE,FALSE,FALSE,FALSE,blue,West,,,
2019,Old Dominion,TRUE,FALSE,FALSE,FALSE,FALSE,FALSE,blue,South,,,
2019,Colgate,TRUE,FALSE,FALSE,FALSE,FALSE,FALSE,red,East,,,
2019,Gardner–Webb,TRUE,FALSE,FALSE,FALSE,FALSE,FALSE,red,South,,,
2019,North Carolina,TRUE,TRUE,FALSE,FALSE,FALSE,FALSE,blue,South,,,
2019,Kentucky,TRUE,TRUE,TRUE,FALSE,FALSE,FALSE,blue,South,,,
2019,Houston,TRUE,TRUE,FALSE,FALSE,FALSE,FALSE,red,South,,,
2019,Kansas,TRUE,FALSE,FALSE,FALSE,FALSE,FALSE,blue,Midwest,,,
2019,Auburn,TRUE,TRUE,TRUE,TRUE,FALSE,FALSE,blue,South,,,
2019,Iowa State,TRUE,FALSE,FALSE,FALSE,FALSE,FALSE,red,Midwest,,,
2019,Wofford,TRUE,FALSE,FALSE,FALSE,FALSE,FALSE,black,South,,,
2019,Utah State,TRUE,FALSE,FALSE,FALSE,FALSE,FALSE,blue,West,,,
2019,Washington,TRUE,FALSE,FALSE,FALSE,FALSE,FALSE,purple,West,,,
2019,Seton Hall,TRUE,FALSE,FALSE,FALSE,FALSE,FALSE,blue,East,,,
2019,Ohio State,TRUE,FALSE,FALSE,FALSE,FALSE,FALSE,red,Midwest,,,
2019,New Mexico State,TRUE,FALSE,FALSE,FALSE,FALSE,FALSE,red,West,,,
2019,Northeastern,TRUE,FALSE,FALSE,FALSE,FALSE,FALSE,black,East,,,
2019,Georgia State,TRUE,FALSE,FALSE,FALSE,FALSE,FALSE,blue,South,,,
2019,Abilene Christian,TRUE,FALSE,FALSE,FALSE,FALSE,FALSE,purple,South,,,
2019,Iona,TRUE,FALSE,FALSE,FALSE,FALSE,FALSE,red,East,,,
2018,Virginia,TRUE,FALSE,FALSE,FALSE,FALSE,FALSE,orange,South,,,
2018,Cincinnati,TRUE,FALSE,FALSE,FALSE,FALSE,FALSE,red,Midwest,,,
2018,Tennessee,TRUE,FALSE,FALSE,FALSE,FALSE,FALSE,orange,South,,,
2018,Arizona,TRUE,FALSE,FALSE,FALSE,FALSE,FALSE,blue,West,,,
2018,Kentucky,TRUE,TRUE,FALSE,FALSE,FALSE,FALSE,blue,South,,,
2018,Miami ,TRUE,FALSE,FALSE,FALSE,FALSE,FALSE,green,South,,,
2018,Nevada,TRUE,TRUE,FALSE,FALSE,FALSE,FALSE,blue,West,,,
2018,Creighton,TRUE,FALSE,FALSE,FALSE,FALSE,FALSE,blue,West,,,
2018,Kansas State,TRUE,TRUE,TRUE,FALSE,FALSE,FALSE,purple,Midwest,,,
2018,Texas,TRUE,FALSE,FALSE,FALSE,FALSE,FALSE,orange,South,,,
2018,Loyola Chicago,TRUE,TRUE,TRUE,TRUE,FALSE,FALSE,red,Midwest,,,
2018,Davidson,TRUE,FALSE,FALSE,FALSE,FALSE,FALSE,red,South,,,
2018,Buffalo,TRUE,FALSE,FALSE,FALSE,FALSE,FALSE,blue,East,,,
2018,Wright State,TRUE,FALSE,FALSE,FALSE,FALSE,FALSE,green,Midwest,,,
2018,Georgia State,TRUE,FALSE,FALSE,FALSE,FALSE,FALSE,blue,South,,,
2018,UMBC,TRUE,FALSE,FALSE,FALSE,FALSE,FALSE,yellow,East,,,
2018,Xavier,TRUE,FALSE,FALSE,FALSE,FALSE,FALSE,blue,Midwest,,,
2018,North Carolina,TRUE,FALSE,FALSE,FALSE,FALSE,FALSE,blue,South,,,
2018,Michigan,TRUE,TRUE,TRUE,TRUE,TRUE,FALSE,blue,Midwest,,,
2018,Gonzaga,TRUE,TRUE,FALSE,FALSE,FALSE,FALSE,blue,West,,,
2018,Ohio State,TRUE,FALSE,FALSE,FALSE,FALSE,FALSE,red,Midwest,,,
2018,Houston,TRUE,FALSE,FALSE,FALSE,FALSE,FALSE,red,South,,,
2018,Texas A&M,TRUE,TRUE,FALSE,FALSE,FALSE,FALSE,red,South,,,
2018,Missouri,TRUE,FALSE,FALSE,FALSE,FALSE,FALSE,yellow,South,,,
2018,Florida State,TRUE,TRUE,TRUE,FALSE,FALSE,FALSE,red,South,,,
2018,Providence,TRUE,FALSE,FALSE,FALSE,FALSE,FALSE,silver,East,,,
2018,San Diego State,TRUE,FALSE,FALSE,FALSE,FALSE,FALSE,blue,West,,,
2018,South Dakota State,TRUE,FALSE,FALSE,FALSE,FALSE,FALSE,blue,South,,,
2018,UNC Greensboro,TRUE,FALSE,FALSE,FALSE,FALSE,FALSE,blue,South,,,
2018,Montana,TRUE,FALSE,FALSE,FALSE,FALSE,FALSE,blue,West,,,
2018,Lipscomb,TRUE,FALSE,FALSE,FALSE,FALSE,FALSE,purple,South,,,
2018,North Carolina Central,TRUE,FALSE,FALSE,FALSE,FALSE,FALSE,blue,South,,,
2018,Texas Southern,TRUE,FALSE,FALSE,FALSE,FALSE,FALSE,red,South,,,
2018,Villanova,TRUE,TRUE,TRUE,TRUE,TRUE,TRUE,blue,East,,,
2018,Purdue,TRUE,TRUE,FALSE,FALSE,FALSE,FALSE,yellow,Midwest,,,
2018,Texas Tech,TRUE,TRUE,TRUE,TRUE,TRUE,FALSE,red,South,,,
2018,Wichita State,TRUE,FALSE,FALSE,FALSE,FALSE,FALSE,yellow,Midwest,,,
2018,West Virginia,TRUE,TRUE,FALSE,FALSE,FALSE,FALSE,blue,South,,,
2018,Florida,TRUE,FALSE,FALSE,FALSE,FALSE,FALSE,blue,South,,,
2018,Arkansas,TRUE,FALSE,FALSE,FALSE,FALSE,FALSE,red,Midwest,,,
2018,Virginia Tech,TRUE,FALSE,FALSE,FALSE,FALSE,FALSE,orange,South,,,
2018,Alabama,TRUE,FALSE,FALSE,FALSE,FALSE,FALSE,red,South,,,
2018,Butler,TRUE,FALSE,FALSE,FALSE,FALSE,FALSE,blue,East,,,
2018,St. Bonaventure,TRUE,FALSE,FALSE,FALSE,FALSE,FALSE,brown,East,,,
2018,UCLA,TRUE,FALSE,FALSE,FALSE,FALSE,FALSE,blue,South,,,
2018,Murray State,TRUE,FALSE,FALSE,FALSE,FALSE,FALSE,blue,South,,,
2018,Marshall,TRUE,FALSE,FALSE,FALSE,FALSE,FALSE,green,South,,,
2018,Stephen F. Austin,TRUE,FALSE,FALSE,FALSE,FALSE,FALSE,purple,South,,,
2018,Cal State Fullerton,TRUE,FALSE,FALSE,FALSE,FALSE,FALSE,orange,West,,,
2018,LIU Brooklyn,TRUE,FALSE,FALSE,FALSE,FALSE,FALSE,black,East,,,
2018,Radford,TRUE,FALSE,FALSE,FALSE,FALSE,FALSE,red,East,,,
2018,Kansas,TRUE,TRUE,TRUE,TRUE,FALSE,FALSE,blue,Midwest,,,
2018,Duke,TRUE,TRUE,TRUE,FALSE,FALSE,FALSE,blue,East,,,
2018,Michigan State,TRUE,FALSE,FALSE,FALSE,FALSE,FALSE,green,Midwest,,,
2018,Auburn,TRUE,FALSE,FALSE,FALSE,FALSE,FALSE,blue,South,,,
2018,Clemson,TRUE,TRUE,FALSE,FALSE,FALSE,FALSE,orange,South,,,
2018,TCU,TRUE,FALSE,FALSE,FALSE,FALSE,FALSE,purple,South,,,
2018,Rhode Island,TRUE,FALSE,FALSE,FALSE,FALSE,FALSE,blue,East,,,
2018,Seton Hall,TRUE,FALSE,FALSE,FALSE,FALSE,FALSE,blue,East,,,
2018,NC State,TRUE,FALSE,FALSE,FALSE,FALSE,FALSE,red,South,,,
2018,Oklahoma,TRUE,FALSE,FALSE,FALSE,FALSE,FALSE,red,South,,,
2018,Arizona State,TRUE,FALSE,FALSE,FALSE,FALSE,FALSE,red,West,,,
2018,Syracuse,TRUE,TRUE,FALSE,FALSE,FALSE,FALSE,orange,East,,,
2018,New Mexico State,TRUE,FALSE,FALSE,FALSE,FALSE,FALSE,red,West,,,
2018,Charleston,TRUE,FALSE,FALSE,FALSE,FALSE,FALSE,red,South,,,
2018,Bucknell,TRUE,FALSE,FALSE,FALSE,FALSE,FALSE,orange,East,,,
2018,Iona,TRUE,FALSE,FALSE,FALSE,FALSE,FALSE,red,East,,,
2018,Penn,TRUE,FALSE,FALSE,FALSE,FALSE,FALSE,blue,East,,,
2017,Villanova,TRUE,FALSE,FALSE,FALSE,FALSE,FALSE,blue,East,,,
2017,Duke,TRUE,FALSE,FALSE,FALSE,FALSE,FALSE,blue,East,,,
2017,Baylor,TRUE,TRUE,FALSE,FALSE,FALSE,FALSE,green,South,,,
2017,Florida,TRUE,TRUE,TRUE,FALSE,FALSE,FALSE,blue,South,,,
2017,Virginia,TRUE,FALSE,FALSE,FALSE,FALSE,FALSE,orange,South,,,
2017,SMU,TRUE,FALSE,FALSE,FALSE,FALSE,FALSE,blue,South,,,
2017,South Carolina,TRUE,TRUE,TRUE,TRUE,FALSE,FALSE,red,South,,,
2017,Wisconsin,TRUE,TRUE,FALSE,FALSE,FALSE,FALSE,red,Midwest,,,
2017,Virginia Tech,TRUE,FALSE,FALSE,FALSE,FALSE,FALSE,orange,South,,,
2017,Marquette,TRUE,FALSE,FALSE,FALSE,FALSE,FALSE,blue,Midwest,,,
2017,Providence,TRUE,FALSE,FALSE,FALSE,FALSE,FALSE,silver,East,,,
2017,USC,TRUE,FALSE,FALSE,FALSE,FALSE,FALSE,red,West,,,
2017,UNC Wilmington,TRUE,FALSE,FALSE,FALSE,FALSE,FALSE,blue,South,,,
2017,East Tennessee State,TRUE,FALSE,FALSE,FALSE,FALSE,FALSE,orange,South,,,
2017,New Mexico State,TRUE,FALSE,FALSE,FALSE,FALSE,FALSE,red,West,,,
2017,Troy,TRUE,FALSE,FALSE,FALSE,FALSE,FALSE,red,South,,,
2017,Mount St. Mary's,TRUE,FALSE,FALSE,FALSE,FALSE,FALSE,blue,East,,,
2017,New Orleans,TRUE,FALSE,FALSE,FALSE,FALSE,FALSE,,South,,,
2017,Gonzaga,TRUE,TRUE,TRUE,TRUE,TRUE,FALSE,blue,West,,,
2017,Arizona,TRUE,TRUE,FALSE,FALSE,FALSE,FALSE,blue,West,,,
2017,Florida State,TRUE,FALSE,FALSE,FALSE,FALSE,FALSE,red,South,,,
2017,West Virginia,TRUE,TRUE,FALSE,FALSE,FALSE,FALSE,blue,South,,,
2017,Notre Dame,TRUE,FALSE,FALSE,FALSE,FALSE,FALSE,blue,Midwest,,,
2017,Maryland,TRUE,FALSE,FALSE,FALSE,FALSE,FALSE,red,East,,,
2017,Saint Mary's,TRUE,FALSE,FALSE,FALSE,FALSE,FALSE,red,South,,,
2017,Northwestern,TRUE,FALSE,FALSE,FALSE,FALSE,FALSE,purple,Midwest,,,
2017,Vanderbilt,TRUE,FALSE,FALSE,FALSE,FALSE,FALSE,black,Midwest,,,
2017,VCU,TRUE,FALSE,FALSE,FALSE,FALSE,FALSE,yellow,South,,,
2017,Xavier,TRUE,TRUE,TRUE,FALSE,FALSE,FALSE,blue,Midwest,,,
2017,Princeton,TRUE,FALSE,FALSE,FALSE,FALSE,FALSE,orange,East,,,
2017,Bucknell,TRUE,FALSE,FALSE,FALSE,FALSE,FALSE,orange,East,,,
2017,Florida Gulf Coast,TRUE,FALSE,FALSE,FALSE,FALSE,FALSE,blue,South,,,
2017,North Dakota,TRUE,FALSE,FALSE,FALSE,FALSE,FALSE,green,South,,,
2017,South Dakota State,TRUE,FALSE,FALSE,FALSE,FALSE,FALSE,blue,South,,,
2017,Kansas,TRUE,TRUE,TRUE,FALSE,FALSE,FALSE,blue,Midwest,,,
2017,Louisville,TRUE,FALSE,FALSE,FALSE,FALSE,FALSE,red,South,,,
2017,Oregon,TRUE,TRUE,TRUE,TRUE,FALSE,FALSE,green,West,,,
2017,Purdue,TRUE,TRUE,FALSE,FALSE,FALSE,FALSE,yellow,Midwest,,,
2017,Iowa State,TRUE,FALSE,FALSE,FALSE,FALSE,FALSE,red,Midwest,,,
2017,Creighton,TRUE,FALSE,FALSE,FALSE,FALSE,FALSE,blue,West,,,
2017,Michigan,TRUE,TRUE,FALSE,FALSE,FALSE,FALSE,blue,Midwest,,,
2017,Miami ,TRUE,FALSE,FALSE,FALSE,FALSE,FALSE,green,Miami,,,
2017,Michigan State,TRUE,FALSE,FALSE,FALSE,FALSE,FALSE,green,Midwest,,,
2017,Oklahoma State,TRUE,FALSE,FALSE,FALSE,FALSE,FALSE,orange,South,,,
2017,Rhode Island,TRUE,FALSE,FALSE,FALSE,FALSE,FALSE,blue,East,,,
2017,Nevada,TRUE,FALSE,FALSE,FALSE,FALSE,FALSE,blue,West,,,
2017,Vermont,TRUE,FALSE,FALSE,FALSE,FALSE,FALSE,green,East,,,
2017,Iona,TRUE,FALSE,FALSE,FALSE,FALSE,FALSE,red,East,,,
2017,Jacksonville State,TRUE,FALSE,FALSE,FALSE,FALSE,FALSE,black,South,,,
2017,North Carolina Central,TRUE,FALSE,FALSE,FALSE,FALSE,FALSE,red,South,,,
2017,UC Davis,TRUE,FALSE,FALSE,FALSE,FALSE,FALSE,bue,West,,,
2017,North Carolina,TRUE,TRUE,TRUE,TRUE,TRUE,TRUE,blue,South,,,
2017,Kentucky,TRUE,TRUE,TRUE,FALSE,FALSE,FALSE,blue,South,,,
2017,UCLA,TRUE,TRUE,FALSE,FALSE,FALSE,FALSE,blue,South,,,
2017,Butler,TRUE,TRUE,FALSE,FALSE,FALSE,FALSE,blue,East,,,
2017,Minnesota,TRUE,FALSE,FALSE,FALSE,FALSE,FALSE,red,Midwest,,,
2017,Cincinnati,TRUE,FALSE,FALSE,FALSE,FALSE,FALSE,red,Midwest,,,
2017,Dayton,TRUE,FALSE,FALSE,FALSE,FALSE,FALSE,red,Midwest,,,
2017,Arkansas,TRUE,FALSE,FALSE,FALSE,FALSE,FALSE,red,South,,,
2017,Seton Hall,TRUE,FALSE,FALSE,FALSE,FALSE,FALSE,blue,East,,,
2017,Wichita State,TRUE,FALSE,FALSE,FALSE,FALSE,FALSE,yellow,Midwest,,,
2017,Kansas State,TRUE,FALSE,FALSE,FALSE,FALSE,FALSE,purple,Midwest,,,
2017,Wake Forest,TRUE,FALSE,FALSE,FALSE,FALSE,FALSE,yellow,East,,,
2017,Middle Tennessee,TRUE,FALSE,FALSE,FALSE,FALSE,FALSE,orange,South,,,
2017,Winthrop,TRUE,FALSE,FALSE,FALSE,FALSE,FALSE,blue,West,,,
2017,Kent State,TRUE,FALSE,FALSE,FALSE,FALSE,FALSE,yellow,East,,,
2017,Northern Kentucky,TRUE,FALSE,FALSE,FALSE,FALSE,FALSE,yellow,South,,,
2017,Texas Southern,TRUE,FALSE,FALSE,FALSE,FALSE,FALSE,red,South,,,
2016,Kansas,TRUE,TRUE,TRUE,FALSE,FALSE,FALSE,blue,Midwest,,,
2016,Villanova,TRUE,TRUE,TRUE,TRUE,TRUE,TRUE,blue,East,,,
2016,Miami,TRUE,TRUE,FALSE,FALSE,FALSE,FALSE,green,South,,,
2016,California,TRUE,FALSE,FALSE,FALSE,FALSE,FALSE,yellow,West,,,
2016,Maryland,TRUE,TRUE,FALSE,FALSE,FALSE,FALSE,red,East,,,
2016,Arizona,TRUE,FALSE,FALSE,FALSE,FALSE,FALSE,blue,West,,,
2016,Iowa,TRUE,FALSE,FALSE,FALSE,FALSE,FALSE,yellow,Midwest,,,
2016,Colorado,TRUE,FALSE,FALSE,FALSE,FALSE,FALSE,yellow,West,,,
2016,UConn,TRUE,FALSE,FALSE,FALSE,FALSE,FALSE,blue,East,,,
2016,Temple,TRUE,FALSE,FALSE,FALSE,FALSE,FALSE,red,East,,,
2016,Vanderbilt,TRUE,FALSE,FALSE,FALSE,FALSE,FALSE,black,Midwest,,,
2016,Wichita State,TRUE,FALSE,FALSE,FALSE,FALSE,FALSE,yellow,Midwest,,,
2016,South Dakota State,TRUE,FALSE,FALSE,FALSE,FALSE,FALSE,blue,South,,,
2016,Hawaii,TRUE,FALSE,FALSE,FALSE,FALSE,FALSE,green,West,,,
2016,Buffalo,TRUE,FALSE,FALSE,FALSE,FALSE,FALSE,blue,East,,,
2016,UNC Asheville,TRUE,FALSE,FALSE,FALSE,FALSE,FALSE,blue,South,,,
2016,Austin Peay,TRUE,FALSE,FALSE,FALSE,FALSE,FALSE,red,South,,,
2016,Oregon,TRUE,TRUE,TRUE,FALSE,FALSE,FALSE,green,West,,,
2016,Texas A&M,TRUE,TRUE,FALSE,FALSE,FALSE,FALSE,red,South,,,
2016,Duke,TRUE,TRUE,FALSE,FALSE,FALSE,FALSE,blue,East,,,
2016,Baylor,TRUE,FALSE,FALSE,FALSE,FALSE,FALSE,green,South,,,
2016,Texas,TRUE,FALSE,FALSE,FALSE,FALSE,FALSE,orange,South,,,
2016,Oregon State,TRUE,FALSE,FALSE,FALSE,FALSE,FALSE,orange,West,,,
2016,Saint Joseph's,TRUE,FALSE,FALSE,FALSE,FALSE,FALSE,red,East,,,
2016,Cincinnati,TRUE,FALSE,FALSE,FALSE,FALSE,FALSE,red,Midwest,,,
2016,VCU,TRUE,FALSE,FALSE,FALSE,FALSE,FALSE,yellow,South,,,
2016,Northern Iowa,TRUE,FALSE,FALSE,FALSE,FALSE,FALSE,purple,Midwest,,,
2016,Yale,TRUE,FALSE,FALSE,FALSE,FALSE,FALSE,blue,East,,,
2016,UNC Wilmington,TRUE,FALSE,FALSE,FALSE,FALSE,FALSE,blue,South,,,
2016,Green Bay,TRUE,FALSE,FALSE,FALSE,FALSE,FALSE,green,Midwest,,,
2016,Cal State Bakersfield,TRUE,FALSE,FALSE,FALSE,FALSE,FALSE,blue,West,,,
2016,Holy Cross,TRUE,FALSE,FALSE,FALSE,FALSE,FALSE,purple,East,,,
2016,Southern,TRUE,FALSE,FALSE,FALSE,FALSE,FALSE,blue,South,,,
2016,North Carolina,TRUE,TRUE,TRUE,TRUE,TRUE,FALSE,blue,South,,,
2016,Xavier,TRUE,FALSE,FALSE,FALSE,FALSE,FALSE,blue,Midwest,,,
2016,West Virginia,TRUE,FALSE,FALSE,FALSE,FALSE,FALSE,blue,South,,,
2016,Kentucky,TRUE,FALSE,FALSE,FALSE,FALSE,FALSE,blue,South,,,
2016,Indiana,TRUE,TRUE,FALSE,FALSE,FALSE,FALSE,red,Midwest,,,
2016,Notre Dame,TRUE,TRUE,TRUE,FALSE,FALSE,FALSE,blue,Midwest,,,
2016,Wisconsin,TRUE,TRUE,FALSE,FALSE,FALSE,FALSE,red,Midwest,,,
2016,USC,TRUE,FALSE,FALSE,FALSE,FALSE,FALSE,red,West,,,
2016,Providence,TRUE,FALSE,FALSE,FALSE,FALSE,FALSE,silver,East,,,
2016,Pittsburgh,TRUE,FALSE,FALSE,FALSE,FALSE,FALSE,yellow,East,,,
2016,Michigan,TRUE,FALSE,FALSE,FALSE,FALSE,FALSE,blue,Midwest,,,
2016,Tulsa,TRUE,FALSE,FALSE,FALSE,FALSE,FALSE,blue,South,,,
2016,Chattanooga,TRUE,FALSE,FALSE,FALSE,FALSE,FALSE,yellow,Midwest,,,
2016,Stony Brook,TRUE,FALSE,FALSE,FALSE,FALSE,FALSE,red,East,,,
2016,Stephen F. Austin,TRUE,FALSE,FALSE,FALSE,FALSE,FALSE,purple,South,,,
2016,Weber State,TRUE,FALSE,FALSE,FALSE,FALSE,FALSE,purple,West,,,
2016,Florida Gulf Coast,TRUE,FALSE,FALSE,FALSE,FALSE,FALSE,blue,South,,,
2016,Fairleigh Dickinson,TRUE,FALSE,FALSE,FALSE,FALSE,FALSE,blue,East,,,
2016,Virginia,TRUE,TRUE,TRUE,FALSE,FALSE,FALSE,orange,South,,,
2016,Michigan State,TRUE,FALSE,FALSE,FALSE,FALSE,FALSE,green,Midwest,,,
2016,Utah,TRUE,FALSE,FALSE,FALSE,FALSE,FALSE,red,West,,,
2016,Iowa State,TRUE,TRUE,FALSE,FALSE,FALSE,FALSE,red,Midwest,,,
2016,Purdue,TRUE,FALSE,FALSE,FALSE,FALSE,FALSE,yellow,Midwest,,,
2016,Seton Hall,TRUE,FALSE,FALSE,FALSE,FALSE,FALSE,blue,East,,,
2016,Dayton,TRUE,FALSE,FALSE,FALSE,FALSE,FALSE,red,Midwest,,,
2016,Texas Tech,TRUE,FALSE,FALSE,FALSE,FALSE,FALSE,red,South,,,
2016,Butler,TRUE,FALSE,FALSE,FALSE,FALSE,FALSE,blue,East,,,
2016,Syracuse,TRUE,TRUE,TRUE,TRUE,FALSE,FALSE,orange,East,,,
2016,Gonzaga,TRUE,TRUE,FALSE,FALSE,FALSE,FALSE,blue,West,,,
2016,Little Rock,TRUE,FALSE,FALSE,FALSE,FALSE,FALSE,red,South,,,
2016,Iona,TRUE,FALSE,FALSE,FALSE,FALSE,FALSE,red,East,,,
2016,Fresno State,TRUE,FALSE,FALSE,FALSE,FALSE,FALSE,red,West,,,
2016,Middle Tennessee,TRUE,FALSE,FALSE,FALSE,FALSE,FALSE,orange,South,,,
2016,Hampton,TRUE,FALSE,FALSE,FALSE,FALSE,FALSE,blue,South,,,
2016,Oklahoma,TRUE,TRUE,TRUE,TRUE,FALSE,FALSE,red,South,,,
2015,Kentucky,TRUE,TRUE,TRUE,TRUE,FALSE,FALSE,blue,South,,,
2015,Kansas,TRUE,FALSE,FALSE,FALSE,FALSE,FALSE,blue,Midwest,,,
2015,Notre Dame,TRUE,TRUE,TRUE,FALSE,FALSE,FALSE,blue,Midwest,,,
2015,Maryland,TRUE,FALSE,FALSE,FALSE,FALSE,FALSE,red,East,,,
2015,West Virginia,TRUE,TRUE,FALSE,FALSE,FALSE,FALSE,blue,South,,,
2015,Butler,TRUE,FALSE,FALSE,FALSE,FALSE,FALSE,blue,East,,,
2015,Wichita State,TRUE,TRUE,FALSE,FALSE,FALSE,FALSE,yellow,Midwest,,,
2015,Cincinnati,TRUE,FALSE,FALSE,FALSE,FALSE,FALSE,red,Midwest,,,
2015,Purdue,TRUE,FALSE,FALSE,FALSE,FALSE,FALSE,yellow,South,,,
2015,Indiana,TRUE,FALSE,FALSE,FALSE,FALSE,FALSE,red,Midwest,,,
2015,Texas,TRUE,FALSE,FALSE,FALSE,FALSE,FALSE,orange,South,,,
2015,Buffalo,TRUE,FALSE,FALSE,FALSE,FALSE,FALSE,blue,East,,,
2015,Valparaiso,TRUE,FALSE,FALSE,FALSE,FALSE,FALSE,yellow,Midwest,,,
2015,Northeastern,TRUE,FALSE,FALSE,FALSE,FALSE,FALSE,black,East,,,
2015,New Mexico State,TRUE,FALSE,FALSE,FALSE,FALSE,FALSE,red,West,,,
2015,Manhattan,TRUE,FALSE,FALSE,FALSE,FALSE,FALSE,green,East,,,
2015,Hampton,TRUE,FALSE,FALSE,FALSE,FALSE,FALSE,blue,South,,,
2015,Wisconsin,TRUE,TRUE,TRUE,TRUE,TRUE,FALSE,red,Midwest,,,
2015,Arizona,TRUE,TRUE,TRUE,FALSE,FALSE,FALSE,blue,West,,,
2015,Baylor,TRUE,FALSE,FALSE,FALSE,FALSE,FALSE,green,South,,,
2015,North Carolina,TRUE,TRUE,FALSE,FALSE,FALSE,FALSE,blue,South,,,
2015,Arkansas,TRUE,FALSE,FALSE,FALSE,FALSE,FALSE,red,South,,,
2015,Xavier,TRUE,TRUE,FALSE,FALSE,FALSE,FALSE,blue,Midwest,,,
2015,VCU,TRUE,FALSE,FALSE,FALSE,FALSE,FALSE,yellow,South,,,
2015,Oregon,TRUE,FALSE,FALSE,FALSE,FALSE,FALSE,green,West,,,
2015,Oklahoma State,TRUE,FALSE,FALSE,FALSE,FALSE,FALSE,orange,South,,,
2015,Ohio State,TRUE,FALSE,FALSE,FALSE,FALSE,FALSE,red,Midwest,,,
2015,Mississippi,TRUE,FALSE,FALSE,FALSE,FALSE,FALSE,red,South,,,
2015,BYU,TRUE,FALSE,FALSE,FALSE,FALSE,FALSE,blue,West,,,
2015,Wofford,TRUE,FALSE,FALSE,FALSE,FALSE,FALSE,black,South,,,
2015,Harvard,TRUE,FALSE,FALSE,FALSE,FALSE,FALSE,red,East,,,
2015,Georgia State,TRUE,FALSE,FALSE,FALSE,FALSE,FALSE,blue,South,,,
2015,Texas Southern,TRUE,FALSE,FALSE,FALSE,FALSE,FALSE,red,South,,,
2015,Coastal Carolina,TRUE,FALSE,FALSE,FALSE,FALSE,FALSE,green,South,,,
2015,Villanova,TRUE,FALSE,FALSE,FALSE,FALSE,FALSE,blue,East,,, 
2015,Virginia,TRUE,FALSE,FALSE,FALSE,FALSE,FALSE,orange,South,,,
2015,Oklahoma,TRUE,TRUE,FALSE,FALSE,FALSE,FALSE,red,South,,,
2015,Louisville,TRUE,TRUE,TRUE,FALSE,FALSE,FALSE,red,South,,,
2015,Northern Iowa,TRUE,FALSE,FALSE,FALSE,FALSE,FALSE,purple,Midwest,,,
2015,Providence,TRUE,FALSE,FALSE,FALSE,FALSE,FALSE,silver,East,,,
2015,Michigan State,TRUE,TRUE,TRUE,TRUE,FALSE,FALSE,green,Midwest,,,
2015,North Carolina State,TRUE,TRUE,FALSE,FALSE,FALSE,FALSE,red,South,,,
2015,LSU,TRUE,FALSE,FALSE,FALSE,FALSE,FALSE,purple,West,,,
2015,Georgia,TRUE,FALSE,FALSE,FALSE,FALSE,FALSE,red,South,,,
2015,Boise State,TRUE,FALSE,FALSE,FALSE,FALSE,FALSE,blue,West,,,
2015,Dayton,TRUE,FALSE,FALSE,FALSE,FALSE,FALSE,red,Midwest,,,
2015,Wyoming,TRUE,FALSE,FALSE,FALSE,FALSE,FALSE,brown,West,,,
2015,UC Irvine,TRUE,FALSE,FALSE,FALSE,FALSE,FALSE,blue,West,,,
2015,Albany,TRUE,FALSE,FALSE,FALSE,FALSE,FALSE,purple,East,,,
2015,Belmont,TRUE,FALSE,FALSE,FALSE,FALSE,FALSE,blue,South,,,
2015,Lafayette,TRUE,FALSE,FALSE,FALSE,FALSE,FALSE,red,East,,,
2015,Duke,TRUE,TRUE,TRUE,TRUE,TRUE,TRUE,blue,East,,,
2015,Gonzaga,TRUE,TRUE,TRUE,FALSE,FALSE,FALSE,blue,West,,,
2015,Iowa State,TRUE,FALSE,FALSE,FALSE,FALSE,FALSE,red,Midwest,,,
2015,Georgetown,TRUE,FALSE,FALSE,FALSE,FALSE,FALSE,blue,South,,,
2015,Utah,TRUE,TRUE,FALSE,FALSE,FALSE,FALSE,red,West,,,
2015,SMU,TRUE,FALSE,FALSE,FALSE,FALSE,FALSE,blue,South,,,
2015,Iowa,TRUE,FALSE,FALSE,FALSE,FALSE,FALSE,yellow,Midwest,,,
2015,San Diego State,TRUE,FALSE,FALSE,FALSE,FALSE,FALSE,blue,West,,,
2015,St. John's,TRUE,FALSE,FALSE,FALSE,FALSE,FALSE,red,South,,,
2015,Davidson,TRUE,FALSE,FALSE,FALSE,FALSE,FALSE,red,South,,,
2015,UCLA,TRUE,TRUE,FALSE,FALSE,FALSE,FALSE,blue,South,,,
2015,Stephen F. Austin,TRUE,FALSE,FALSE,FALSE,FALSE,FALSE,purple,South,,,
2015,Eastern Washington,TRUE,FALSE,FALSE,FALSE,FALSE,FALSE,red,West,,,
2015,UAB,TRUE,FALSE,FALSE,FALSE,FALSE,FALSE,green,South,,,
2015,North Dakota State,TRUE,FALSE,FALSE,FALSE,FALSE,FALSE,yellow,South,,,
2015,North Florida,TRUE,FALSE,FALSE,FALSE,FALSE,FALSE,blue,South,,,
2015,Robert Morris,TRUE,FALSE,FALSE,FALSE,FALSE,FALSE,red,East,,,
2014,Florida,TRUE,FALSE,FALSE,FALSE,FALSE,FALSE,blue,South,,,
2014,Kansas,TRUE,FALSE,FALSE,FALSE,FALSE,FALSE,blue,Midwest,,,
2014,Syracuse,TRUE,FALSE,FALSE,FALSE,FALSE,FALSE,orange,East,,,
2014,UCLA,TRUE,TRUE,FALSE,FALSE,FALSE,FALSE,blue,South,,,
2014,VCU,TRUE,FALSE,FALSE,FALSE,FALSE,FALSE,yellow,South,,,
2014,Ohio State,TRUE,FALSE,FALSE,FALSE,FALSE,FALSE,red,Midwest,,,
2014,New Mexico,TRUE,FALSE,FALSE,FALSE,FALSE,FALSE,red,West,,,
2014,Colorado,TRUE,FALSE,FALSE,FALSE,FALSE,FALSE,yellow,West,,,
2014,Pittsburgh,TRUE,FALSE,FALSE,FALSE,FALSE,FALSE,yellow,East,,,
2014,Stanford,TRUE,TRUE,FALSE,FALSE,FALSE,FALSE,red,East,,,
2014,Dayton,TRUE,TRUE,TRUE,FALSE,FALSE,FALSE,red,Midwest,,,
2014,Stephen F. Austin,TRUE,FALSE,FALSE,FALSE,FALSE,FALSE,purple,South,,,
2014,Tulsa,TRUE,FALSE,FALSE,FALSE,FALSE,FALSE,blue,South,,,
2014,Western Michigan,TRUE,FALSE,FALSE,FALSE,FALSE,FALSE,yellow,Midwest,,,
2014,Eastern Kentucky,TRUE,FALSE,FALSE,FALSE,FALSE,FALSE,red,South,,,
2014,Albany,TRUE,FALSE,FALSE,FALSE,FALSE,FALSE,purple,East,,,
2014,Mount St. Mary's,TRUE,FALSE,FALSE,FALSE,FALSE,FALSE,blue,East,,,
2014,Virginia,TRUE,TRUE,FALSE,FALSE,FALSE,FALSE,orange,South,,,
2014,Villanova,TRUE,FALSE,FALSE,FALSE,FALSE,FALSE,blue,East,,,
2014,Iowa State,TRUE,TRUE,FALSE,FALSE,FALSE,FALSE,red,Midwest,,,
2014,Michigan State,TRUE,TRUE,TRUE,FALSE,FALSE,FALSE,green,Midwest,,,
2014,Cincinnati,TRUE,FALSE,FALSE,FALSE,FALSE,FALSE,red,Midwest,,,
2014,North Carolina,TRUE,FALSE,FALSE,FALSE,FALSE,FALSE,blue,South,,,
2014,UConn,TRUE,TRUE,TRUE,TRUE,TRUE,TRUE,blue,East,,,
2014,Memphis,TRUE,FALSE,FALSE,FALSE,FALSE,FALSE,blue,South,,,
2014,George Washington,TRUE,FALSE,FALSE,FALSE,FALSE,FALSE,blue,West,,,
2014,Saint Joseph's,TRUE,FALSE,FALSE,FALSE,FALSE,FALSE,red,East,,,
2014,Providence,TRUE,FALSE,FALSE,FALSE,FALSE,FALSE,silver,East,,,
2014,Harvard,TRUE,FALSE,FALSE,FALSE,FALSE,FALSE,red,East,,,
2014,Delaware,TRUE,FALSE,FALSE,FALSE,FALSE,FALSE,blue,East,,,
2014,North Carolina Central,TRUE,FALSE,FALSE,FALSE,FALSE,FALSE,red,South,,,
2014,Milwaukee,TRUE,FALSE,FALSE,FALSE,FALSE,FALSE,green,Midwest,,,
2014,Coastal Carolina,TRUE,FALSE,FALSE,FALSE,FALSE,FALSE,green,South,,,
2014,Arizona,TRUE,TRUE,TRUE,FALSE,FALSE,FALSE,blue,West,,,
2014,Wisconsin,TRUE,TRUE,TRUE,TRUE,FALSE,FALSE,red,Midwest,,,
2014,Creighton,TRUE,FALSE,FALSE,FALSE,FALSE,FALSE,blue,West,,,
2014,San Diego State,TRUE,TRUE,FALSE,FALSE,FALSE,FALSE,blue,West,,,
2014,Oklahoma,TRUE,FALSE,FALSE,FALSE,FALSE,FALSE,red,South,,,
2014,Baylor,TRUE,TRUE,FALSE,FALSE,FALSE,FALSE,green,South,,,
2014,Oregon,TRUE,FALSE,FALSE,FALSE,FALSE,FALSE,green,West,,,
2014,Gonzaga,TRUE,FALSE,FALSE,FALSE,FALSE,FALSE,blue,West,,,
2014,Oklahoma State,TRUE,FALSE,FALSE,FALSE,FALSE,FALSE,orange,South,,,
2014,BYU,TRUE,FALSE,FALSE,FALSE,FALSE,FALSE,blue,West,,,
2014,Nebraska,TRUE,FALSE,FALSE,FALSE,FALSE,FALSE,red,Midwest,,,
2014,North Dakota State,TRUE,FALSE,FALSE,FALSE,FALSE,FALSE,yellow,South,,,
2014,New Mexico State,TRUE,FALSE,FALSE,FALSE,FALSE,FALSE,red,West,,,
2014,Louisiana-Lafayette,TRUE,FALSE,FALSE,FALSE,FALSE,FALSE,red,South,,,
2014,American,TRUE,FALSE,FALSE,FALSE,FALSE,FALSE,blue,West,,,
2014,Weber State,TRUE,FALSE,FALSE,FALSE,FALSE,FALSE,purple,West,,,
2014,Wichita State,TRUE,FALSE,FALSE,FALSE,FALSE,FALSE,yellow,Midwest,,,
2014,Michigan,TRUE,TRUE,TRUE,FALSE,FALSE,FALSE,blue,Midwest,,,
2014,Duke,TRUE,FALSE,FALSE,FALSE,FALSE,FALSE,blue,East,,,
2014,Louisville,TRUE,TRUE,FALSE,FALSE,FALSE,FALSE,red,South,,,
2014,Saint Louis,TRUE,FALSE,FALSE,FALSE,FALSE,FALSE,blue,South,,,
2014,Massachusetts,TRUE,FALSE,FALSE,FALSE,FALSE,FALSE,red,East,,,
2014,Texas,TRUE,FALSE,FALSE,FALSE,FALSE,FALSE,orange,South,,,
2014,Kentucky,TRUE,TRUE,TRUE,TRUE,TRUE,FALSE,blue,South,,,
2014,Kansas State,TRUE,FALSE,FALSE,FALSE,FALSE,FALSE,purple,Midwest,,,
2014,Arizona State,TRUE,FALSE,FALSE,FALSE,FALSE,FALSE,red,West,,,
2014,Iowa,TRUE,FALSE,FALSE,FALSE,FALSE,FALSE,yellow,Midwest,,,
2014,Tennessee,TRUE,TRUE,FALSE,FALSE,FALSE,FALSE,orange,South,,,
2014,NC State,TRUE,FALSE,FALSE,FALSE,FALSE,FALSE,red,South,,,
2014,Xavier,TRUE,FALSE,FALSE,FALSE,FALSE,FALSE,blue,Midwest,,,
2014,Manhattan,TRUE,FALSE,FALSE,FALSE,FALSE,FALSE,green,East,,,
2014,Mercer,TRUE,FALSE,FALSE,FALSE,FALSE,FALSE,orange,South,,,
2014,Wofford,TRUE,FALSE,FALSE,FALSE,FALSE,FALSE,black,South,,,
2014,Cal Poly,TRUE,FALSE,FALSE,FALSE,FALSE,FALSE,green,West,,,
2014,Texas Southern,TRUE,FALSE,FALSE,FALSE,FALSE,FALSE,red,South,,,
2013,Kansas,TRUE,FALSE,FALSE,FALSE,FALSE,FALSE,blue,Midwest,,,
2013,Georgetown,TRUE,FALSE,FALSE,FALSE,FALSE,FALSE,blue,South,,,
2013,Florida,TRUE,TRUE,TRUE,FALSE,FALSE,FALSE,blue,South,,,
2013,Michigan,TRUE,TRUE,TRUE,TRUE,TRUE,FALSE,blue,Midwest,,,
2013,VCU,TRUE,FALSE,FALSE,FALSE,FALSE,FALSE,yellow,South,,,
2013,UCLA,TRUE,FALSE,FALSE,FALSE,FALSE,FALSE,blue,South,,,
2013,San Diego State,TRUE,FALSE,FALSE,FALSE,FALSE,FALSE,blue,West,,,
2013,North Carolina,TRUE,FALSE,FALSE,FALSE,FALSE,FALSE,blue,South,,,
2013,Villanova,TRUE,FALSE,FALSE,FALSE,FALSE,FALSE,blue,East,,,
2013,Oklahoma,TRUE,FALSE,FALSE,FALSE,FALSE,FALSE,red,South,,,
2013,Minnesota,TRUE,FALSE,FALSE,FALSE,FALSE,FALSE,red,Midwest,,,
2013,Akron,TRUE,FALSE,FALSE,FALSE,FALSE,FALSE,blue,Midwest,,,
2013,South Dakota State,TRUE,FALSE,FALSE,FALSE,FALSE,FALSE,blue,South,,,
2013,Northwestern State,TRUE,FALSE,FALSE,FALSE,FALSE,FALSE,purple,Midwest,,,
2013,Florida Gulf Coast,TRUE,TRUE,FALSE,FALSE,FALSE,FALSE,blue,South,,,
2013,Western Kentucky,TRUE,FALSE,FALSE,FALSE,FALSE,FALSE,red,South,,,
2013,Gonzaga,TRUE,FALSE,FALSE,FALSE,FALSE,FALSE,blue,West,,,
2013,Ohio State,TRUE,TRUE,TRUE,FALSE,FALSE,FALSE,red,Midwest,,,
2013,New Mexico,TRUE,FALSE,FALSE,FALSE,FALSE,FALSE,red,West,,,
2013,Kansas State,TRUE,TRUE,FALSE,FALSE,FALSE,FALSE,purple,Midwest,,,
2013,Wisconsin,TRUE,FALSE,FALSE,FALSE,FALSE,FALSE,red,Midwest,,,
2013,Arizona,TRUE,TRUE,FALSE,FALSE,FALSE,FALSE,red,West,,,
2013,Notre Dame,TRUE,FALSE,FALSE,FALSE,FALSE,FALSE,blue,Midwest,,,
2013,Pittsburgh,TRUE,FALSE,FALSE,FALSE,FALSE,FALSE,yellow,East,,,
2013,Wichita State,TRUE,TRUE,TRUE,TRUE,FALSE,FALSE,yellow,Midwest,,,
2013,Iowa State,TRUE,FALSE,FALSE,FALSE,FALSE,FALSE,red,Midwest,,,
2013,Belmont,TRUE,FALSE,FALSE,FALSE,FALSE,FALSE,blue,South,,,
2013,Ole Miss,TRUE,FALSE,FALSE,FALSE,FALSE,FALSE,blue,South,,,
2013,Boise State,TRUE,FALSE,FALSE,FALSE,FALSE,FALSE,blue,West,,,
2013,La Salle,TRUE,TRUE,FALSE,FALSE,FALSE,FALSE,yellow,East,,,
2013,Harvard,TRUE,FALSE,FALSE,FALSE,FALSE,FALSE,red,East,,,
2013,Iona,TRUE,FALSE,FALSE,FALSE,FALSE,FALSE,red,East,,,
2013,Southern,TRUE,FALSE,FALSE,FALSE,FALSE,FALSE,blue,South,,,
2013,Indiana,TRUE,TRUE,FALSE,FALSE,FALSE,FALSE,red,Midwest,,,
2013,Miami,TRUE,TRUE,FALSE,FALSE,FALSE,FALSE,green,South,,,
2013,Marquette,TRUE,TRUE,TRUE,FALSE,FALSE,FALSE,blue,Midwest,,,
2013,Syracuse,TRUE,TRUE,TRUE,TRUE,FALSE,FALSE,orange,East,,,
2013,Virginia,TRUE,FALSE,FALSE,FALSE,FALSE,FALSE,red,South,,,
2013,Butler,TRUE,FALSE,FALSE,FALSE,FALSE,FALSE,blue,East,,,
2013,Illinois,TRUE,FALSE,FALSE,FALSE,FALSE,FALSE,orange,Midwest,,,
2013,NC State,TRUE,FALSE,FALSE,FALSE,FALSE,FALSE,red,South,,,
2013,Temple,TRUE,FALSE,FALSE,FALSE,FALSE,FALSE,red,East,,,
2013,Colorado,TRUE,FALSE,FALSE,FALSE,FALSE,FALSE,yellow,West,,,
2013,Bucknell,TRUE,FALSE,FALSE,FALSE,FALSE,FALSE,orange,East,,,
2013,California,TRUE,FALSE,FALSE,FALSE,FALSE,FALSE,yellow,West,,,
2013,Montana,TRUE,FALSE,FALSE,FALSE,FALSE,FALSE,blue,West,,,
2013,Davidson,TRUE,FALSE,FALSE,FALSE,FALSE,FALSE,red,South,,,
2013,Pacific,TRUE,FALSE,FALSE,FALSE,FALSE,FALSE,orange,West,,,
2013,James Madison,TRUE,FALSE,FALSE,FALSE,FALSE,FALSE,purple,East,,,
2013,Long Island,TRUE,FALSE,FALSE,FALSE,FALSE,FALSE,blue,East,,,
2013,Louisville,TRUE,TRUE,TRUE,TRUE,TRUE,TRUE,red,South,,,
2013,Duke,TRUE,TRUE,TRUE,FALSE,FALSE,FALSE,blue,East,,,
2013,Michigan State,TRUE,TRUE,FALSE,FALSE,FALSE,FALSE,green,Midwest,,,
2013,Saint Louis,TRUE,FALSE,FALSE,FALSE,FALSE,FALSE,blue,South,,,
2013,Oklahoma State,TRUE,FALSE,FALSE,FALSE,FALSE,FALSE,orange,South,,,
2013,Memphis,TRUE,FALSE,FALSE,FALSE,FALSE,FALSE,blue,South,,,
2013,Creighton,TRUE,FALSE,FALSE,FALSE,FALSE,FALSE,blue,West,,,
2013,Colorado State,TRUE,FALSE,FALSE,FALSE,FALSE,FALSE,green,West,,,
2013,Missouri,TRUE,FALSE,FALSE,FALSE,FALSE,FALSE,yellow,South,,,
2013,Cincinnati,TRUE,FALSE,FALSE,FALSE,FALSE,FALSE,red,Midwest,,,
2013,Middle Tennessee,TRUE,FALSE,FALSE,FALSE,FALSE,FALSE,orange,South,,,
2013,Saint Mary's ,TRUE,FALSE,FALSE,FALSE,FALSE,FALSE,red,South,,,
2013,Oregon,TRUE,TRUE,FALSE,FALSE,FALSE,FALSE,green,West,,,
2013,New Mexico State,TRUE,FALSE,FALSE,FALSE,FALSE,FALSE,red,West,,,
2013,Valparaiso,TRUE,FALSE,FALSE,FALSE,FALSE,FALSE,yellow,Midwest,,,
2013,Albany,TRUE,FALSE,FALSE,FALSE,FALSE,FALSE,purple,East,,,
2013,Liberty,TRUE,FALSE,FALSE,FALSE,FALSE,FALSE,red,South,,,
2013,North Carolina A&T,TRUE,FALSE,FALSE,FALSE,FALSE,FALSE,yellow,South,,,